f1,precision,recall
0.8958498023715415,0.8813921835504569,0.9107896323086196
